Alarm Lib,V103
HMIID,AlarmState,BeepDelay,UseTextLib,TextTagName,TextContent,TextSize,TextColor,UseSound,SoundName,UseTrigAddrTag,TrigAddrTagName,TrigAddrHMIID,TrigAddrPLCID,TrigAddrType,TrigAddr,TrigAddrCodeType,Type,lfCharSet,lfClipPrecision,lfOutPrecision,lfQuality,lfPitchAndFamily,lfFaceName,lfHeight,lfWeight,lfItalic,lfUnderline,lfStrikeOut,m_nLabelType,FontType1,FontName1,Size1,Italic1,Bold1,AlignFormat1,Color1,FontType2,FontName2,Size2,Italic2,Bold2,AlignFormat2,Color2,FontType3,FontName3,Size3,Italic3,Bold3,AlignFormat3,Color3,FontType4,FontName4,Size4,Italic4,Bold4,AlignFormat4,Color4,FontType5,FontName5,Size5,Italic5,Bold5,AlignFormat5,Color5,FontType6,FontName6,Size6,Italic6,Bold6,AlignFormat6,Color6,FontType7,FontName7,Size7,Italic7,Bold7,AlignFormat7,Color7,FontType8,FontName8,Size8,Italic8,Bold8,AlignFormat8,Color8
0,1,0,0,,AL001_ Emergency stop button pressed,16,ff0000,0,,0,,0,1,56,300.00,0,0,0,H_bit,0,0,0,2,0,0,MS Sans Serif,-11,400,0,0,0,1,1,DFNB-EN,10,0,0,0,ff,0,,0,0,0,0,0,0,,0,0,0,0,0,0,,0,0,0,0,0,0,,0,0,0,0,0,0,,0,0,0,0,0,0,,0,0,0,0,0,0,,0,0,0,0,0
0,1,0,0,,AL002_ Fuse disconnected,16,ff0000,0,,0,,0,1,56,300.01,0,0,0,H_bit,0,0,0,2,0,0,MS Sans Serif,-11,400,0,0,0,1,1,DFNB-EN,10,0,0,0,ff,0,,0,0,0,0,0,0,,0,0,0,0,0,0,,0,0,0,0,0,0,,0,0,0,0,0,0,,0,0,0,0,0,0,,0,0,0,0,0,0,,0,0,0,0,0
0,1,0,0,,AL003_ Air source pressure lost,16,ff0000,0,,0,,0,1,56,300.02,0,0,0,H_bit,0,0,0,2,0,0,MS Sans Serif,-11,400,0,0,0,1,1,DFNB-EN,10,0,0,0,ff,0,,0,0,0,0,0,0,,0,0,0,0,0,0,,0,0,0,0,0,0,,0,0,0,0,0,0,,0,0,0,0,0,0,,0,0,0,0,0,0,,0,0,0,0,0
0,1,0,0,,AL004_ Safety cover or light curtain open,16,ff0000,0,,0,,0,1,56,300.03,0,0,0,H_bit,0,0,0,2,0,0,MS Sans Serif,-11,400,0,0,0,1,1,DFNB-EN,10,0,0,0,ff,0,,0,0,0,0,0,0,,0,0,0,0,0,0,,0,0,0,0,0,0,,0,0,0,0,0,0,,0,0,0,0,0,0,,0,0,0,0,0,0,,0,0,0,0,0
0,1,0,0,,AL005_ Air source pressure switch fault,16,ff0000,0,,0,,0,1,56,300.04,0,0,0,H_bit,0,0,0,2,0,0,MS Sans Serif,-11,400,0,0,0,1,1,DFNB-EN,10,0,0,0,ff,0,,0,0,0,0,0,0,,0,0,0,0,0,0,,0,0,0,0,0,0,,0,0,0,0,0,0,,0,0,0,0,0,0,,0,0,0,0,0,0,,0,0,0,0,0
0,1,0,0,,AL006_ Spare,16,ff0000,0,,0,,0,1,56,300.05,0,0,0,H_bit,0,0,0,2,0,0,MS Sans Serif,-11,400,0,0,0,1,1,DFNB-EN,10,0,0,0,ff,0,,0,0,0,0,0,0,,0,0,0,0,0,0,,0,0,0,0,0,0,,0,0,0,0,0,0,,0,0,0,0,0,0,,0,0,0,0,0,0,,0,0,0,0,0
0,1,0,0,,AL007_ Spare,16,ff0000,0,,0,,0,1,56,300.06,0,0,0,H_bit,0,0,0,2,0,0,MS Sans Serif,-11,400,0,0,0,1,1,DFNB-EN,10,0,0,0,ff,0,,0,0,0,0,0,0,,0,0,0,0,0,0,,0,0,0,0,0,0,,0,0,0,0,0,0,,0,0,0,0,0,0,,0,0,0,0,0,0,,0,0,0,0,0
0,1,0,0,,AL008_ Spare,16,ff0000,0,,0,,0,1,56,300.07,0,0,0,H_bit,0,0,0,2,0,0,MS Sans Serif,-11,400,0,0,0,1,1,DFNB-EN,10,0,0,0,ff,0,,0,0,0,0,0,0,,0,0,0,0,0,0,,0,0,0,0,0,0,,0,0,0,0,0,0,,0,0,0,0,0,0,,0,0,0,0,0,0,,0,0,0,0,0
0,1,0,0,,AL009_ Spare,16,ff0000,0,,0,,0,1,56,300.08,0,0,0,H_bit,0,0,0,2,0,0,MS Sans Serif,-11,400,0,0,0,1,1,DFNB-EN,10,0,0,0,ff,0,,0,0,0,0,0,0,,0,0,0,0,0,0,,0,0,0,0,0,0,,0,0,0,0,0,0,,0,0,0,0,0,0,,0,0,0,0,0,0,,0,0,0,0,0
0,1,0,0,,AL010_ Spare,16,ff0000,0,,0,,0,1,56,300.09,0,0,0,H_bit,0,0,0,2,0,0,MS Sans Serif,-11,400,0,0,0,1,1,DFNB-EN,10,0,0,0,ff,0,,0,0,0,0,0,0,,0,0,0,0,0,0,,0,0,0,0,0,0,,0,0,0,0,0,0,,0,0,0,0,0,0,,0,0,0,0,0,0,,0,0,0,0,0
0,1,0,0,,AL011_ ST1 STOPPER-5 ALL REED SWITCH ON,16,ff0000,0,,0,,0,1,56,300.10,0,0,0,H_bit,0,0,0,2,0,0,MS Sans Serif,-11,400,0,0,0,1,1,DFNB-EN,10,0,0,0,ff,0,,0,0,0,0,0,0,,0,0,0,0,0,0,,0,0,0,0,0,0,,0,0,0,0,0,0,,0,0,0,0,0,0,,0,0,0,0,0,0,,0,0,0,0,0
0,1,0,0,,AL012_ ST1 LEFT DIVIDER ALL REED SWITCH ON,16,ff0000,0,,0,,0,1,56,300.11,0,0,0,H_bit,0,0,0,2,0,0,MS Sans Serif,-11,400,0,0,0,1,1,DFNB-EN,10,0,0,0,ff,0,,0,0,0,0,0,0,,0,0,0,0,0,0,,0,0,0,0,0,0,,0,0,0,0,0,0,,0,0,0,0,0,0,,0,0,0,0,0,0,,0,0,0,0,0
0,1,0,0,,AL013_ ST1 RIGHT DIVIDER ALL REED SWITCH ON,16,ff0000,0,,0,,0,1,56,300.12,0,0,0,H_bit,0,0,0,2,0,0,MS Sans Serif,-11,400,0,0,0,1,1,DFNB-EN,10,0,0,0,ff,0,,0,0,0,0,0,0,,0,0,0,0,0,0,,0,0,0,0,0,0,,0,0,0,0,0,0,,0,0,0,0,0,0,,0,0,0,0,0,0,,0,0,0,0,0
0,1,0,0,,AL014_ ST1 STOPPER-2 ALL REED SWITCH ON,16,ff0000,0,,0,,0,1,56,300.13,0,0,0,H_bit,0,0,0,2,0,0,MS Sans Serif,-11,400,0,0,0,1,1,DFNB-EN,10,0,0,0,ff,0,,0,0,0,0,0,0,,0,0,0,0,0,0,,0,0,0,0,0,0,,0,0,0,0,0,0,,0,0,0,0,0,0,,0,0,0,0,0,0,,0,0,0,0,0
0,1,0,0,,AL015_ ST1 STOPPER-3 ALL REED SWITCH ON,16,ff0000,0,,0,,0,1,56,300.14,0,0,0,H_bit,0,0,0,2,0,0,MS Sans Serif,-11,400,0,0,0,1,1,DFNB-EN,10,0,0,0,ff,0,,0,0,0,0,0,0,,0,0,0,0,0,0,,0,0,0,0,0,0,,0,0,0,0,0,0,,0,0,0,0,0,0,,0,0,0,0,0,0,,0,0,0,0,0
0,1,0,0,,AL016_ ST1 STOPPER-4 ALL REED SWITCH ON,16,ff0000,0,,0,,0,1,56,300.15,0,0,0,H_bit,0,0,0,2,0,0,MS Sans Serif,-11,400,0,0,0,1,1,DFNB-EN,10,0,0,0,ff,0,,0,0,0,0,0,0,,0,0,0,0,0,0,,0,0,0,0,0,0,,0,0,0,0,0,0,,0,0,0,0,0,0,,0,0,0,0,0,0,,0,0,0,0,0
0,1,0,0,,AL017_ Spare,16,ff0000,0,,0,,0,1,56,301.00,0,0,0,H_bit,0,0,0,2,0,0,MS Sans Serif,-11,400,0,0,0,1,1,DFNB-EN,10,0,0,0,ff,0,,0,0,0,0,0,0,,0,0,0,0,0,0,,0,0,0,0,0,0,,0,0,0,0,0,0,,0,0,0,0,0,0,,0,0,0,0,0,0,,0,0,0,0,0
0,1,0,0,,AL018_ Spare,16,ff0000,0,,0,,0,1,56,301.01,0,0,0,H_bit,0,0,0,2,0,0,MS Sans Serif,-11,400,0,0,0,1,1,DFNB-EN,10,0,0,0,ff,0,,0,0,0,0,0,0,,0,0,0,0,0,0,,0,0,0,0,0,0,,0,0,0,0,0,0,,0,0,0,0,0,0,,0,0,0,0,0,0,,0,0,0,0,0
0,1,0,0,,AL019_ Spare,16,ff0000,0,,0,,0,1,56,301.02,0,0,0,H_bit,0,0,0,2,0,0,MS Sans Serif,-11,400,0,0,0,1,1,DFNB-EN,10,0,0,0,ff,0,,0,0,0,0,0,0,,0,0,0,0,0,0,,0,0,0,0,0,0,,0,0,0,0,0,0,,0,0,0,0,0,0,,0,0,0,0,0,0,,0,0,0,0,0
0,1,0,0,,AL020_ Spare,16,ff0000,0,,0,,0,1,56,301.03,0,0,0,H_bit,0,0,0,2,0,0,MS Sans Serif,-11,400,0,0,0,1,1,DFNB-EN,10,0,0,0,ff,0,,0,0,0,0,0,0,,0,0,0,0,0,0,,0,0,0,0,0,0,,0,0,0,0,0,0,,0,0,0,0,0,0,,0,0,0,0,0,0,,0,0,0,0,0
0,1,0,0,,AL021_ Spare,16,ff0000,0,,0,,0,1,56,301.04,0,0,0,H_bit,0,0,0,2,0,0,MS Sans Serif,-11,400,0,0,0,1,1,DFNB-EN,10,0,0,0,ff,0,,0,0,0,0,0,0,,0,0,0,0,0,0,,0,0,0,0,0,0,,0,0,0,0,0,0,,0,0,0,0,0,0,,0,0,0,0,0,0,,0,0,0,0,0
0,1,0,0,,AL022_ Spare,16,ff0000,0,,0,,0,1,56,301.05,0,0,0,H_bit,0,0,0,2,0,0,MS Sans Serif,-11,400,0,0,0,1,1,DFNB-EN,10,0,0,0,ff,0,,0,0,0,0,0,0,,0,0,0,0,0,0,,0,0,0,0,0,0,,0,0,0,0,0,0,,0,0,0,0,0,0,,0,0,0,0,0,0,,0,0,0,0,0
0,1,0,0,,AL023_ Spare,16,ff0000,0,,0,,0,1,56,301.06,0,0,0,H_bit,0,0,0,2,0,0,MS Sans Serif,-11,400,0,0,0,1,1,DFNB-EN,10,0,0,0,ff,0,,0,0,0,0,0,0,,0,0,0,0,0,0,,0,0,0,0,0,0,,0,0,0,0,0,0,,0,0,0,0,0,0,,0,0,0,0,0,0,,0,0,0,0,0
0,1,0,0,,AL024_ Spare,16,ff0000,0,,0,,0,1,56,301.07,0,0,0,H_bit,0,0,0,2,0,0,MS Sans Serif,-11,400,0,0,0,1,1,DFNB-EN,10,0,0,0,ff,0,,0,0,0,0,0,0,,0,0,0,0,0,0,,0,0,0,0,0,0,,0,0,0,0,0,0,,0,0,0,0,0,0,,0,0,0,0,0,0,,0,0,0,0,0
0,1,0,0,,AL025_ Spare,16,ff0000,0,,0,,0,1,56,301.08,0,0,0,H_bit,0,0,0,2,0,0,MS Sans Serif,-11,400,0,0,0,1,1,DFNB-EN,10,0,0,0,ff,0,,0,0,0,0,0,0,,0,0,0,0,0,0,,0,0,0,0,0,0,,0,0,0,0,0,0,,0,0,0,0,0,0,,0,0,0,0,0,0,,0,0,0,0,0
0,1,0,0,,AL026_ Spare,16,ff0000,0,,0,,0,1,56,301.09,0,0,0,H_bit,0,0,0,2,0,0,MS Sans Serif,-11,400,0,0,0,1,1,DFNB-EN,10,0,0,0,ff,0,,0,0,0,0,0,0,,0,0,0,0,0,0,,0,0,0,0,0,0,,0,0,0,0,0,0,,0,0,0,0,0,0,,0,0,0,0,0,0,,0,0,0,0,0
0,1,0,0,,AL027_ Spare,16,ff0000,0,,0,,0,1,56,301.10,0,0,0,H_bit,0,0,0,2,0,0,MS Sans Serif,-11,400,0,0,0,1,1,DFNB-EN,10,0,0,0,ff,0,,0,0,0,0,0,0,,0,0,0,0,0,0,,0,0,0,0,0,0,,0,0,0,0,0,0,,0,0,0,0,0,0,,0,0,0,0,0,0,,0,0,0,0,0
0,1,0,0,,AL028_ Spare,16,ff0000,0,,0,,0,1,56,301.11,0,0,0,H_bit,0,0,0,2,0,0,MS Sans Serif,-11,400,0,0,0,1,1,DFNB-EN,10,0,0,0,ff,0,,0,0,0,0,0,0,,0,0,0,0,0,0,,0,0,0,0,0,0,,0,0,0,0,0,0,,0,0,0,0,0,0,,0,0,0,0,0,0,,0,0,0,0,0
0,1,0,0,,AL029_ Spare,16,ff0000,0,,0,,0,1,56,301.12,0,0,0,H_bit,0,0,0,2,0,0,MS Sans Serif,-11,400,0,0,0,1,1,DFNB-EN,10,0,0,0,ff,0,,0,0,0,0,0,0,,0,0,0,0,0,0,,0,0,0,0,0,0,,0,0,0,0,0,0,,0,0,0,0,0,0,,0,0,0,0,0,0,,0,0,0,0,0
0,1,0,0,,AL030_ Spare,16,ff0000,0,,0,,0,1,56,301.13,0,0,0,H_bit,0,0,0,2,0,0,MS Sans Serif,-11,400,0,0,0,1,1,DFNB-EN,10,0,0,0,ff,0,,0,0,0,0,0,0,,0,0,0,0,0,0,,0,0,0,0,0,0,,0,0,0,0,0,0,,0,0,0,0,0,0,,0,0,0,0,0,0,,0,0,0,0,0
0,1,0,0,,AL031_ Spare,16,ff0000,0,,0,,0,1,56,301.14,0,0,0,H_bit,0,0,0,2,0,0,MS Sans Serif,-11,400,0,0,0,1,1,DFNB-EN,10,0,0,0,ff,0,,0,0,0,0,0,0,,0,0,0,0,0,0,,0,0,0,0,0,0,,0,0,0,0,0,0,,0,0,0,0,0,0,,0,0,0,0,0,0,,0,0,0,0,0
0,1,0,0,,AL032_ Spare,16,ff0000,0,,0,,0,1,56,301.15,0,0,0,H_bit,0,0,0,2,0,0,MS Sans Serif,-11,400,0,0,0,1,1,DFNB-EN,10,0,0,0,ff,0,,0,0,0,0,0,0,,0,0,0,0,0,0,,0,0,0,0,0,0,,0,0,0,0,0,0,,0,0,0,0,0,0,,0,0,0,0,0,0,,0,0,0,0,0
0,1,0,0,,AL033_ Spare,16,ff0000,0,,0,,0,1,56,302.00,0,0,0,H_bit,0,0,0,2,0,0,MS Sans Serif,-11,400,0,0,0,1,1,DFNB-EN,10,0,0,0,ff,0,,0,0,0,0,0,0,,0,0,0,0,0,0,,0,0,0,0,0,0,,0,0,0,0,0,0,,0,0,0,0,0,0,,0,0,0,0,0,0,,0,0,0,0,0
0,1,0,0,,AL034_ Spare,16,ff0000,0,,0,,0,1,56,302.01,0,0,0,H_bit,0,0,0,2,0,0,MS Sans Serif,-11,400,0,0,0,1,1,DFNB-EN,10,0,0,0,ff,0,,0,0,0,0,0,0,,0,0,0,0,0,0,,0,0,0,0,0,0,,0,0,0,0,0,0,,0,0,0,0,0,0,,0,0,0,0,0,0,,0,0,0,0,0
0,1,0,0,,AL035_ Spare,16,ff0000,0,,0,,0,1,56,302.02,0,0,0,H_bit,0,0,0,2,0,0,MS Sans Serif,-11,400,0,0,0,1,1,DFNB-EN,10,0,0,0,ff,0,,0,0,0,0,0,0,,0,0,0,0,0,0,,0,0,0,0,0,0,,0,0,0,0,0,0,,0,0,0,0,0,0,,0,0,0,0,0,0,,0,0,0,0,0
0,1,0,0,,AL036_ Spare,16,ff0000,0,,0,,0,1,56,302.03,0,0,0,H_bit,0,0,0,2,0,0,MS Sans Serif,-11,400,0,0,0,1,1,DFNB-EN,10,0,0,0,ff,0,,0,0,0,0,0,0,,0,0,0,0,0,0,,0,0,0,0,0,0,,0,0,0,0,0,0,,0,0,0,0,0,0,,0,0,0,0,0,0,,0,0,0,0,0
0,1,0,0,,AL037_ Spare,16,ff0000,0,,0,,0,1,56,302.04,0,0,0,H_bit,0,0,0,2,0,0,MS Sans Serif,-11,400,0,0,0,1,1,DFNB-EN,10,0,0,0,ff,0,,0,0,0,0,0,0,,0,0,0,0,0,0,,0,0,0,0,0,0,,0,0,0,0,0,0,,0,0,0,0,0,0,,0,0,0,0,0,0,,0,0,0,0,0
0,1,0,0,,AL038_ Spare,16,ff0000,0,,0,,0,1,56,302.05,0,0,0,H_bit,0,0,0,2,0,0,MS Sans Serif,-11,400,0,0,0,1,1,DFNB-EN,10,0,0,0,ff,0,,0,0,0,0,0,0,,0,0,0,0,0,0,,0,0,0,0,0,0,,0,0,0,0,0,0,,0,0,0,0,0,0,,0,0,0,0,0,0,,0,0,0,0,0
0,1,0,0,,AL039_ Spare,16,ff0000,0,,0,,0,1,56,302.06,0,0,0,H_bit,0,0,0,2,0,0,MS Sans Serif,-11,400,0,0,0,1,1,DFNB-EN,10,0,0,0,ff,0,,0,0,0,0,0,0,,0,0,0,0,0,0,,0,0,0,0,0,0,,0,0,0,0,0,0,,0,0,0,0,0,0,,0,0,0,0,0,0,,0,0,0,0,0
0,1,0,0,,AL040_ Spare,16,ff0000,0,,0,,0,1,56,302.07,0,0,0,H_bit,0,0,0,2,0,0,MS Sans Serif,-11,400,0,0,0,1,1,DFNB-EN,10,0,0,0,ff,0,,0,0,0,0,0,0,,0,0,0,0,0,0,,0,0,0,0,0,0,,0,0,0,0,0,0,,0,0,0,0,0,0,,0,0,0,0,0,0,,0,0,0,0,0
0,1,0,0,,AL041_ ST2 STOPPER-1 ALL REED SWITCH ON,16,ff0000,0,,0,,0,1,56,302.08,0,0,0,H_bit,0,0,0,2,0,0,MS Sans Serif,-11,400,0,0,0,1,1,DFNB-EN,10,0,0,0,ff,0,,0,0,0,0,0,0,,0,0,0,0,0,0,,0,0,0,0,0,0,,0,0,0,0,0,0,,0,0,0,0,0,0,,0,0,0,0,0,0,,0,0,0,0,0
0,1,0,0,,AL042_ ST2 SPARE 1 ALL REED SWITCH ON,16,ff0000,0,,0,,0,1,56,302.09,0,0,0,H_bit,0,0,0,2,0,0,MS Sans Serif,-11,400,0,0,0,1,1,DFNB-EN,10,0,0,0,ff,0,,0,0,0,0,0,0,,0,0,0,0,0,0,,0,0,0,0,0,0,,0,0,0,0,0,0,,0,0,0,0,0,0,,0,0,0,0,0,0,,0,0,0,0,0
0,1,0,0,,AL043_ Spare,16,ff0000,0,,0,,0,1,56,302.10,0,0,0,H_bit,0,0,0,2,0,0,MS Sans Serif,-11,400,0,0,0,1,1,DFNB-EN,10,0,0,0,ff,0,,0,0,0,0,0,0,,0,0,0,0,0,0,,0,0,0,0,0,0,,0,0,0,0,0,0,,0,0,0,0,0,0,,0,0,0,0,0,0,,0,0,0,0,0
0,1,0,0,,AL044_ Spare,16,ff0000,0,,0,,0,1,56,302.11,0,0,0,H_bit,0,0,0,2,0,0,MS Sans Serif,-11,400,0,0,0,1,1,DFNB-EN,10,0,0,0,ff,0,,0,0,0,0,0,0,,0,0,0,0,0,0,,0,0,0,0,0,0,,0,0,0,0,0,0,,0,0,0,0,0,0,,0,0,0,0,0,0,,0,0,0,0,0
0,1,0,0,,AL045_ Spare,16,ff0000,0,,0,,0,1,56,302.12,0,0,0,H_bit,0,0,0,2,0,0,MS Sans Serif,-11,400,0,0,0,1,1,DFNB-EN,10,0,0,0,ff,0,,0,0,0,0,0,0,,0,0,0,0,0,0,,0,0,0,0,0,0,,0,0,0,0,0,0,,0,0,0,0,0,0,,0,0,0,0,0,0,,0,0,0,0,0
0,1,0,0,,AL046_ Spare,16,ff0000,0,,0,,0,1,56,302.13,0,0,0,H_bit,0,0,0,2,0,0,MS Sans Serif,-11,400,0,0,0,1,1,DFNB-EN,10,0,0,0,ff,0,,0,0,0,0,0,0,,0,0,0,0,0,0,,0,0,0,0,0,0,,0,0,0,0,0,0,,0,0,0,0,0,0,,0,0,0,0,0,0,,0,0,0,0,0
0,1,0,0,,AL047_ Spare,16,ff0000,0,,0,,0,1,56,302.14,0,0,0,H_bit,0,0,0,2,0,0,MS Sans Serif,-11,400,0,0,0,1,1,DFNB-EN,10,0,0,0,ff,0,,0,0,0,0,0,0,,0,0,0,0,0,0,,0,0,0,0,0,0,,0,0,0,0,0,0,,0,0,0,0,0,0,,0,0,0,0,0,0,,0,0,0,0,0
0,1,0,0,,AL048_ Spare,16,ff0000,0,,0,,0,1,56,302.15,0,0,0,H_bit,0,0,0,2,0,0,MS Sans Serif,-11,400,0,0,0,1,1,DFNB-EN,10,0,0,0,ff,0,,0,0,0,0,0,0,,0,0,0,0,0,0,,0,0,0,0,0,0,,0,0,0,0,0,0,,0,0,0,0,0,0,,0,0,0,0,0,0,,0,0,0,0,0
0,1,0,0,,AL049_ Spare,16,ff0000,0,,0,,0,1,56,303.00,0,0,0,H_bit,0,0,0,2,0,0,MS Sans Serif,-11,400,0,0,0,1,1,DFNB-EN,10,0,0,0,ff,0,,0,0,0,0,0,0,,0,0,0,0,0,0,,0,0,0,0,0,0,,0,0,0,0,0,0,,0,0,0,0,0,0,,0,0,0,0,0,0,,0,0,0,0,0
0,1,0,0,,AL050_ Spare,16,ff0000,0,,0,,0,1,56,303.01,0,0,0,H_bit,0,0,0,2,0,0,MS Sans Serif,-11,400,0,0,0,1,1,DFNB-EN,10,0,0,0,ff,0,,0,0,0,0,0,0,,0,0,0,0,0,0,,0,0,0,0,0,0,,0,0,0,0,0,0,,0,0,0,0,0,0,,0,0,0,0,0,0,,0,0,0,0,0
0,1,0,0,,AL051_ Spare,16,ff0000,0,,0,,0,1,56,303.02,0,0,0,H_bit,0,0,0,2,0,0,MS Sans Serif,-11,400,0,0,0,1,1,DFNB-EN,10,0,0,0,ff,0,,0,0,0,0,0,0,,0,0,0,0,0,0,,0,0,0,0,0,0,,0,0,0,0,0,0,,0,0,0,0,0,0,,0,0,0,0,0,0,,0,0,0,0,0
0,1,0,0,,AL052_ Spare,16,ff0000,0,,0,,0,1,56,303.03,0,0,0,H_bit,0,0,0,2,0,0,MS Sans Serif,-11,400,0,0,0,1,1,DFNB-EN,10,0,0,0,ff,0,,0,0,0,0,0,0,,0,0,0,0,0,0,,0,0,0,0,0,0,,0,0,0,0,0,0,,0,0,0,0,0,0,,0,0,0,0,0,0,,0,0,0,0,0
0,1,0,0,,AL053_ Spare,16,ff0000,0,,0,,0,1,56,303.04,0,0,0,H_bit,0,0,0,2,0,0,MS Sans Serif,-11,400,0,0,0,1,1,DFNB-EN,10,0,0,0,ff,0,,0,0,0,0,0,0,,0,0,0,0,0,0,,0,0,0,0,0,0,,0,0,0,0,0,0,,0,0,0,0,0,0,,0,0,0,0,0,0,,0,0,0,0,0
0,1,0,0,,AL054_ Spare,16,ff0000,0,,0,,0,1,56,303.05,0,0,0,H_bit,0,0,0,2,0,0,MS Sans Serif,-11,400,0,0,0,1,1,DFNB-EN,10,0,0,0,ff,0,,0,0,0,0,0,0,,0,0,0,0,0,0,,0,0,0,0,0,0,,0,0,0,0,0,0,,0,0,0,0,0,0,,0,0,0,0,0,0,,0,0,0,0,0
0,1,0,0,,AL055_ Spare,16,ff0000,0,,0,,0,1,56,303.06,0,0,0,H_bit,0,0,0,2,0,0,MS Sans Serif,-11,400,0,0,0,1,1,DFNB-EN,10,0,0,0,ff,0,,0,0,0,0,0,0,,0,0,0,0,0,0,,0,0,0,0,0,0,,0,0,0,0,0,0,,0,0,0,0,0,0,,0,0,0,0,0,0,,0,0,0,0,0
0,1,0,0,,AL056_ Spare,16,ff0000,0,,0,,0,1,56,303.07,0,0,0,H_bit,0,0,0,2,0,0,MS Sans Serif,-11,400,0,0,0,1,1,DFNB-EN,10,0,0,0,ff,0,,0,0,0,0,0,0,,0,0,0,0,0,0,,0,0,0,0,0,0,,0,0,0,0,0,0,,0,0,0,0,0,0,,0,0,0,0,0,0,,0,0,0,0,0
0,1,0,0,,AL057_ Spare,16,ff0000,0,,0,,0,1,56,303.08,0,0,0,H_bit,0,0,0,2,0,0,MS Sans Serif,-11,400,0,0,0,1,1,DFNB-EN,10,0,0,0,ff,0,,0,0,0,0,0,0,,0,0,0,0,0,0,,0,0,0,0,0,0,,0,0,0,0,0,0,,0,0,0,0,0,0,,0,0,0,0,0,0,,0,0,0,0,0
0,1,0,0,,AL058_ Spare,16,ff0000,0,,0,,0,1,56,303.09,0,0,0,H_bit,0,0,0,2,0,0,MS Sans Serif,-11,400,0,0,0,1,1,DFNB-EN,10,0,0,0,ff,0,,0,0,0,0,0,0,,0,0,0,0,0,0,,0,0,0,0,0,0,,0,0,0,0,0,0,,0,0,0,0,0,0,,0,0,0,0,0,0,,0,0,0,0,0
0,1,0,0,,AL059_ Spare,16,ff0000,0,,0,,0,1,56,303.10,0,0,0,H_bit,0,0,0,2,0,0,MS Sans Serif,-11,400,0,0,0,1,1,DFNB-EN,10,0,0,0,ff,0,,0,0,0,0,0,0,,0,0,0,0,0,0,,0,0,0,0,0,0,,0,0,0,0,0,0,,0,0,0,0,0,0,,0,0,0,0,0,0,,0,0,0,0,0
0,1,0,0,,AL060_ Spare,16,ff0000,0,,0,,0,1,56,303.11,0,0,0,H_bit,0,0,0,2,0,0,MS Sans Serif,-11,400,0,0,0,1,1,DFNB-EN,10,0,0,0,ff,0,,0,0,0,0,0,0,,0,0,0,0,0,0,,0,0,0,0,0,0,,0,0,0,0,0,0,,0,0,0,0,0,0,,0,0,0,0,0,0,,0,0,0,0,0
0,1,0,0,,AL061_ Spare,16,ff0000,0,,0,,0,1,56,303.12,0,0,0,H_bit,0,0,0,2,0,0,MS Sans Serif,-11,400,0,0,0,1,1,DFNB-EN,10,0,0,0,ff,0,,0,0,0,0,0,0,,0,0,0,0,0,0,,0,0,0,0,0,0,,0,0,0,0,0,0,,0,0,0,0,0,0,,0,0,0,0,0,0,,0,0,0,0,0
0,1,0,0,,AL062_ Spare,16,ff0000,0,,0,,0,1,56,303.13,0,0,0,H_bit,0,0,0,2,0,0,MS Sans Serif,-11,400,0,0,0,1,1,DFNB-EN,10,0,0,0,ff,0,,0,0,0,0,0,0,,0,0,0,0,0,0,,0,0,0,0,0,0,,0,0,0,0,0,0,,0,0,0,0,0,0,,0,0,0,0,0,0,,0,0,0,0,0
0,1,0,0,,AL063_ Spare,16,ff0000,0,,0,,0,1,56,303.14,0,0,0,H_bit,0,0,0,2,0,0,MS Sans Serif,-11,400,0,0,0,1,1,DFNB-EN,10,0,0,0,ff,0,,0,0,0,0,0,0,,0,0,0,0,0,0,,0,0,0,0,0,0,,0,0,0,0,0,0,,0,0,0,0,0,0,,0,0,0,0,0,0,,0,0,0,0,0
0,1,0,0,,AL064_ Spare,16,ff0000,0,,0,,0,1,56,303.15,0,0,0,H_bit,0,0,0,2,0,0,MS Sans Serif,-11,400,0,0,0,1,1,DFNB-EN,10,0,0,0,ff,0,,0,0,0,0,0,0,,0,0,0,0,0,0,,0,0,0,0,0,0,,0,0,0,0,0,0,,0,0,0,0,0,0,,0,0,0,0,0,0,,0,0,0,0,0
0,1,0,0,,AL065_ Spare,16,ff0000,0,,0,,0,1,56,304.00,0,0,0,H_bit,0,0,0,2,0,0,MS Sans Serif,-11,400,0,0,0,1,1,DFNB-EN,10,0,0,0,ff,0,,0,0,0,0,0,0,,0,0,0,0,0,0,,0,0,0,0,0,0,,0,0,0,0,0,0,,0,0,0,0,0,0,,0,0,0,0,0,0,,0,0,0,0,0
0,1,0,0,,AL066_ Spare,16,ff0000,0,,0,,0,1,56,304.01,0,0,0,H_bit,0,0,0,2,0,0,MS Sans Serif,-11,400,0,0,0,1,1,DFNB-EN,10,0,0,0,ff,0,,0,0,0,0,0,0,,0,0,0,0,0,0,,0,0,0,0,0,0,,0,0,0,0,0,0,,0,0,0,0,0,0,,0,0,0,0,0,0,,0,0,0,0,0
0,1,0,0,,AL067_ Spare,16,ff0000,0,,0,,0,1,56,304.02,0,0,0,H_bit,0,0,0,2,0,0,MS Sans Serif,-11,400,0,0,0,1,1,DFNB-EN,10,0,0,0,ff,0,,0,0,0,0,0,0,,0,0,0,0,0,0,,0,0,0,0,0,0,,0,0,0,0,0,0,,0,0,0,0,0,0,,0,0,0,0,0,0,,0,0,0,0,0
0,1,0,0,,AL068_ Spare,16,ff0000,0,,0,,0,1,56,304.03,0,0,0,H_bit,0,0,0,2,0,0,MS Sans Serif,-11,400,0,0,0,1,1,DFNB-EN,10,0,0,0,ff,0,,0,0,0,0,0,0,,0,0,0,0,0,0,,0,0,0,0,0,0,,0,0,0,0,0,0,,0,0,0,0,0,0,,0,0,0,0,0,0,,0,0,0,0,0
0,1,0,0,,AL069_ Spare,16,ff0000,0,,0,,0,1,56,304.04,0,0,0,H_bit,0,0,0,2,0,0,MS Sans Serif,-11,400,0,0,0,1,1,DFNB-EN,10,0,0,0,ff,0,,0,0,0,0,0,0,,0,0,0,0,0,0,,0,0,0,0,0,0,,0,0,0,0,0,0,,0,0,0,0,0,0,,0,0,0,0,0,0,,0,0,0,0,0
0,1,0,0,,AL070_ Spare,16,ff0000,0,,0,,0,1,56,304.05,0,0,0,H_bit,0,0,0,2,0,0,MS Sans Serif,-11,400,0,0,0,1,1,DFNB-EN,10,0,0,0,ff,0,,0,0,0,0,0,0,,0,0,0,0,0,0,,0,0,0,0,0,0,,0,0,0,0,0,0,,0,0,0,0,0,0,,0,0,0,0,0,0,,0,0,0,0,0
0,1,0,0,,AL071_ ST3 EJECTOR ALL REED SWITCH ON,16,ff0000,0,,0,,0,1,56,304.06,0,0,0,H_bit,0,0,0,2,0,0,MS Sans Serif,-11,400,0,0,0,1,1,DFNB-EN,10,0,0,0,ff,0,,0,0,0,0,0,0,,0,0,0,0,0,0,,0,0,0,0,0,0,,0,0,0,0,0,0,,0,0,0,0,0,0,,0,0,0,0,0,0,,0,0,0,0,0
0,1,0,0,,AL072_ ST3 PUSHER ALL REED SWITCH ON,16,ff0000,0,,0,,0,1,56,304.07,0,0,0,H_bit,0,0,0,2,0,0,MS Sans Serif,-11,400,0,0,0,1,1,DFNB-EN,10,0,0,0,ff,0,,0,0,0,0,0,0,,0,0,0,0,0,0,,0,0,0,0,0,0,,0,0,0,0,0,0,,0,0,0,0,0,0,,0,0,0,0,0,0,,0,0,0,0,0
0,1,0,0,,AL073_ ST3 SPARE 1 ALL REED SWITCH ON,16,ff0000,0,,0,,0,1,56,304.08,0,0,0,H_bit,0,0,0,2,0,0,MS Sans Serif,-11,400,0,0,0,1,1,DFNB-EN,10,0,0,0,ff,0,,0,0,0,0,0,0,,0,0,0,0,0,0,,0,0,0,0,0,0,,0,0,0,0,0,0,,0,0,0,0,0,0,,0,0,0,0,0,0,,0,0,0,0,0
0,1,0,0,,AL074_ Spare,16,ff0000,0,,0,,0,1,56,304.09,0,0,0,H_bit,0,0,0,2,0,0,MS Sans Serif,-11,400,0,0,0,1,1,DFNB-EN,10,0,0,0,ff,0,,0,0,0,0,0,0,,0,0,0,0,0,0,,0,0,0,0,0,0,,0,0,0,0,0,0,,0,0,0,0,0,0,,0,0,0,0,0,0,,0,0,0,0,0
0,1,0,0,,AL075_ Spare,16,ff0000,0,,0,,0,1,56,304.10,0,0,0,H_bit,0,0,0,2,0,0,MS Sans Serif,-11,400,0,0,0,1,1,DFNB-EN,10,0,0,0,ff,0,,0,0,0,0,0,0,,0,0,0,0,0,0,,0,0,0,0,0,0,,0,0,0,0,0,0,,0,0,0,0,0,0,,0,0,0,0,0,0,,0,0,0,0,0
0,1,0,0,,AL076_ Spare,16,ff0000,0,,0,,0,1,56,304.11,0,0,0,H_bit,0,0,0,2,0,0,MS Sans Serif,-11,400,0,0,0,1,1,DFNB-EN,10,0,0,0,ff,0,,0,0,0,0,0,0,,0,0,0,0,0,0,,0,0,0,0,0,0,,0,0,0,0,0,0,,0,0,0,0,0,0,,0,0,0,0,0,0,,0,0,0,0,0
0,1,0,0,,AL077_ Spare,16,ff0000,0,,0,,0,1,56,304.12,0,0,0,H_bit,0,0,0,2,0,0,MS Sans Serif,-11,400,0,0,0,1,1,DFNB-EN,10,0,0,0,ff,0,,0,0,0,0,0,0,,0,0,0,0,0,0,,0,0,0,0,0,0,,0,0,0,0,0,0,,0,0,0,0,0,0,,0,0,0,0,0,0,,0,0,0,0,0
0,1,0,0,,AL078_ Spare,16,ff0000,0,,0,,0,1,56,304.13,0,0,0,H_bit,0,0,0,2,0,0,MS Sans Serif,-11,400,0,0,0,1,1,DFNB-EN,10,0,0,0,ff,0,,0,0,0,0,0,0,,0,0,0,0,0,0,,0,0,0,0,0,0,,0,0,0,0,0,0,,0,0,0,0,0,0,,0,0,0,0,0,0,,0,0,0,0,0
0,1,0,0,,AL079_ Spare,16,ff0000,0,,0,,0,1,56,304.14,0,0,0,H_bit,0,0,0,2,0,0,MS Sans Serif,-11,400,0,0,0,1,1,DFNB-EN,10,0,0,0,ff,0,,0,0,0,0,0,0,,0,0,0,0,0,0,,0,0,0,0,0,0,,0,0,0,0,0,0,,0,0,0,0,0,0,,0,0,0,0,0,0,,0,0,0,0,0
0,1,0,0,,AL080_ Spare,16,ff0000,0,,0,,0,1,56,304.15,0,0,0,H_bit,0,0,0,2,0,0,MS Sans Serif,-11,400,0,0,0,1,1,DFNB-EN,10,0,0,0,ff,0,,0,0,0,0,0,0,,0,0,0,0,0,0,,0,0,0,0,0,0,,0,0,0,0,0,0,,0,0,0,0,0,0,,0,0,0,0,0,0,,0,0,0,0,0
0,1,0,0,,AL081_ Spare,16,ff0000,0,,0,,0,1,56,305.00,0,0,0,H_bit,0,0,0,2,0,0,MS Sans Serif,-11,400,0,0,0,1,1,DFNB-EN,10,0,0,0,ff,0,,0,0,0,0,0,0,,0,0,0,0,0,0,,0,0,0,0,0,0,,0,0,0,0,0,0,,0,0,0,0,0,0,,0,0,0,0,0,0,,0,0,0,0,0
0,1,0,0,,AL082_ Spare,16,ff0000,0,,0,,0,1,56,305.01,0,0,0,H_bit,0,0,0,2,0,0,MS Sans Serif,-11,400,0,0,0,1,1,DFNB-EN,10,0,0,0,ff,0,,0,0,0,0,0,0,,0,0,0,0,0,0,,0,0,0,0,0,0,,0,0,0,0,0,0,,0,0,0,0,0,0,,0,0,0,0,0,0,,0,0,0,0,0
0,1,0,0,,AL083_ Spare,16,ff0000,0,,0,,0,1,56,305.02,0,0,0,H_bit,0,0,0,2,0,0,MS Sans Serif,-11,400,0,0,0,1,1,DFNB-EN,10,0,0,0,ff,0,,0,0,0,0,0,0,,0,0,0,0,0,0,,0,0,0,0,0,0,,0,0,0,0,0,0,,0,0,0,0,0,0,,0,0,0,0,0,0,,0,0,0,0,0
0,1,0,0,,AL084_ Spare,16,ff0000,0,,0,,0,1,56,305.03,0,0,0,H_bit,0,0,0,2,0,0,MS Sans Serif,-11,400,0,0,0,1,1,DFNB-EN,10,0,0,0,ff,0,,0,0,0,0,0,0,,0,0,0,0,0,0,,0,0,0,0,0,0,,0,0,0,0,0,0,,0,0,0,0,0,0,,0,0,0,0,0,0,,0,0,0,0,0
0,1,0,0,,AL085_ Spare,16,ff0000,0,,0,,0,1,56,305.04,0,0,0,H_bit,0,0,0,2,0,0,MS Sans Serif,-11,400,0,0,0,1,1,DFNB-EN,10,0,0,0,ff,0,,0,0,0,0,0,0,,0,0,0,0,0,0,,0,0,0,0,0,0,,0,0,0,0,0,0,,0,0,0,0,0,0,,0,0,0,0,0,0,,0,0,0,0,0
0,1,0,0,,AL086_ Spare,16,ff0000,0,,0,,0,1,56,305.05,0,0,0,H_bit,0,0,0,2,0,0,MS Sans Serif,-11,400,0,0,0,1,1,DFNB-EN,10,0,0,0,ff,0,,0,0,0,0,0,0,,0,0,0,0,0,0,,0,0,0,0,0,0,,0,0,0,0,0,0,,0,0,0,0,0,0,,0,0,0,0,0,0,,0,0,0,0,0
0,1,0,0,,AL087_ Spare,16,ff0000,0,,0,,0,1,56,305.06,0,0,0,H_bit,0,0,0,2,0,0,MS Sans Serif,-11,400,0,0,0,1,1,DFNB-EN,10,0,0,0,ff,0,,0,0,0,0,0,0,,0,0,0,0,0,0,,0,0,0,0,0,0,,0,0,0,0,0,0,,0,0,0,0,0,0,,0,0,0,0,0,0,,0,0,0,0,0
0,1,0,0,,AL088_ Spare,16,ff0000,0,,0,,0,1,56,305.07,0,0,0,H_bit,0,0,0,2,0,0,MS Sans Serif,-11,400,0,0,0,1,1,DFNB-EN,10,0,0,0,ff,0,,0,0,0,0,0,0,,0,0,0,0,0,0,,0,0,0,0,0,0,,0,0,0,0,0,0,,0,0,0,0,0,0,,0,0,0,0,0,0,,0,0,0,0,0
0,1,0,0,,AL089_ Spare,16,ff0000,0,,0,,0,1,56,305.08,0,0,0,H_bit,0,0,0,2,0,0,MS Sans Serif,-11,400,0,0,0,1,1,DFNB-EN,10,0,0,0,ff,0,,0,0,0,0,0,0,,0,0,0,0,0,0,,0,0,0,0,0,0,,0,0,0,0,0,0,,0,0,0,0,0,0,,0,0,0,0,0,0,,0,0,0,0,0
0,1,0,0,,AL090_ Spare,16,ff0000,0,,0,,0,1,56,305.09,0,0,0,H_bit,0,0,0,2,0,0,MS Sans Serif,-11,400,0,0,0,1,1,DFNB-EN,10,0,0,0,ff,0,,0,0,0,0,0,0,,0,0,0,0,0,0,,0,0,0,0,0,0,,0,0,0,0,0,0,,0,0,0,0,0,0,,0,0,0,0,0,0,,0,0,0,0,0
0,1,0,0,,AL091_ Spare,16,ff0000,0,,0,,0,1,56,305.10,0,0,0,H_bit,0,0,0,2,0,0,MS Sans Serif,-11,400,0,0,0,1,1,DFNB-EN,10,0,0,0,ff,0,,0,0,0,0,0,0,,0,0,0,0,0,0,,0,0,0,0,0,0,,0,0,0,0,0,0,,0,0,0,0,0,0,,0,0,0,0,0,0,,0,0,0,0,0
0,1,0,0,,AL092_ Spare,16,ff0000,0,,0,,0,1,56,305.11,0,0,0,H_bit,0,0,0,2,0,0,MS Sans Serif,-11,400,0,0,0,1,1,DFNB-EN,10,0,0,0,ff,0,,0,0,0,0,0,0,,0,0,0,0,0,0,,0,0,0,0,0,0,,0,0,0,0,0,0,,0,0,0,0,0,0,,0,0,0,0,0,0,,0,0,0,0,0
0,1,0,0,,AL093_ Spare,16,ff0000,0,,0,,0,1,56,305.12,0,0,0,H_bit,0,0,0,2,0,0,MS Sans Serif,-11,400,0,0,0,1,1,DFNB-EN,10,0,0,0,ff,0,,0,0,0,0,0,0,,0,0,0,0,0,0,,0,0,0,0,0,0,,0,0,0,0,0,0,,0,0,0,0,0,0,,0,0,0,0,0,0,,0,0,0,0,0
0,1,0,0,,AL094_ Spare,16,ff0000,0,,0,,0,1,56,305.13,0,0,0,H_bit,0,0,0,2,0,0,MS Sans Serif,-11,400,0,0,0,1,1,DFNB-EN,10,0,0,0,ff,0,,0,0,0,0,0,0,,0,0,0,0,0,0,,0,0,0,0,0,0,,0,0,0,0,0,0,,0,0,0,0,0,0,,0,0,0,0,0,0,,0,0,0,0,0
0,1,0,0,,AL095_ Spare,16,ff0000,0,,0,,0,1,56,305.14,0,0,0,H_bit,0,0,0,2,0,0,MS Sans Serif,-11,400,0,0,0,1,1,DFNB-EN,10,0,0,0,ff,0,,0,0,0,0,0,0,,0,0,0,0,0,0,,0,0,0,0,0,0,,0,0,0,0,0,0,,0,0,0,0,0,0,,0,0,0,0,0,0,,0,0,0,0,0
0,1,0,0,,AL096_ Spare,16,ff0000,0,,0,,0,1,56,305.15,0,0,0,H_bit,0,0,0,2,0,0,MS Sans Serif,-11,400,0,0,0,1,1,DFNB-EN,10,0,0,0,ff,0,,0,0,0,0,0,0,,0,0,0,0,0,0,,0,0,0,0,0,0,,0,0,0,0,0,0,,0,0,0,0,0,0,,0,0,0,0,0,0,,0,0,0,0,0
0,1,0,0,,AL097_ Spare,16,ff0000,0,,0,,0,1,56,306.00,0,0,0,H_bit,0,0,0,2,0,0,MS Sans Serif,-11,400,0,0,0,1,1,DFNB-EN,10,0,0,0,ff,0,,0,0,0,0,0,0,,0,0,0,0,0,0,,0,0,0,0,0,0,,0,0,0,0,0,0,,0,0,0,0,0,0,,0,0,0,0,0,0,,0,0,0,0,0
0,1,0,0,,AL098_ Spare,16,ff0000,0,,0,,0,1,56,306.01,0,0,0,H_bit,0,0,0,2,0,0,MS Sans Serif,-11,400,0,0,0,1,1,DFNB-EN,10,0,0,0,ff,0,,0,0,0,0,0,0,,0,0,0,0,0,0,,0,0,0,0,0,0,,0,0,0,0,0,0,,0,0,0,0,0,0,,0,0,0,0,0,0,,0,0,0,0,0
0,1,0,0,,AL099_ Spare,16,ff0000,0,,0,,0,1,56,306.02,0,0,0,H_bit,0,0,0,2,0,0,MS Sans Serif,-11,400,0,0,0,1,1,DFNB-EN,10,0,0,0,ff,0,,0,0,0,0,0,0,,0,0,0,0,0,0,,0,0,0,0,0,0,,0,0,0,0,0,0,,0,0,0,0,0,0,,0,0,0,0,0,0,,0,0,0,0,0
0,1,0,0,,AL100_ Spare,16,ff0000,0,,0,,0,1,56,306.03,0,0,0,H_bit,0,0,0,2,0,0,MS Sans Serif,-11,400,0,0,0,1,1,DFNB-EN,10,0,0,0,ff,0,,0,0,0,0,0,0,,0,0,0,0,0,0,,0,0,0,0,0,0,,0,0,0,0,0,0,,0,0,0,0,0,0,,0,0,0,0,0,0,,0,0,0,0,0
0,1,0,0,,MF001_ ST1 LEFT DIVIDER Motion Fault,16,ff0000,0,,0,,0,1,56,320.00,0,0,0,H_bit,0,0,0,2,0,0,MS Sans Serif,-11,400,0,0,0,1,1,DFNB-EN,10,0,0,0,ff,0,,0,0,0,0,0,0,,0,0,0,0,0,0,,0,0,0,0,0,0,,0,0,0,0,0,0,,0,0,0,0,0,0,,0,0,0,0,0,0,,0,0,0,0,0
0,1,0,0,,MF002_ ST1 RIGHT DIVIDER Motion Fault,16,ff0000,0,,0,,0,1,56,320.01,0,0,0,H_bit,0,0,0,2,0,0,MS Sans Serif,-11,400,0,0,0,1,1,DFNB-EN,10,0,0,0,ff,0,,0,0,0,0,0,0,,0,0,0,0,0,0,,0,0,0,0,0,0,,0,0,0,0,0,0,,0,0,0,0,0,0,,0,0,0,0,0,0,,0,0,0,0,0
0,1,0,0,,MF003_ ST1 STOPPER-2 Motion Fault,16,ff0000,0,,0,,0,1,56,320.02,0,0,0,H_bit,0,0,0,2,0,0,MS Sans Serif,-11,400,0,0,0,1,1,DFNB-EN,10,0,0,0,ff,0,,0,0,0,0,0,0,,0,0,0,0,0,0,,0,0,0,0,0,0,,0,0,0,0,0,0,,0,0,0,0,0,0,,0,0,0,0,0,0,,0,0,0,0,0
0,1,0,0,,MF004_ ST1 STOPPER-3 Motion Fault,16,ff0000,0,,0,,0,1,56,320.03,0,0,0,H_bit,0,0,0,2,0,0,MS Sans Serif,-11,400,0,0,0,1,1,DFNB-EN,10,0,0,0,ff,0,,0,0,0,0,0,0,,0,0,0,0,0,0,,0,0,0,0,0,0,,0,0,0,0,0,0,,0,0,0,0,0,0,,0,0,0,0,0,0,,0,0,0,0,0
0,1,0,0,,MF005_ ST1 STOPPER-4 Motion Fault,16,ff0000,0,,0,,0,1,56,320.04,0,0,0,H_bit,0,0,0,2,0,0,MS Sans Serif,-11,400,0,0,0,1,1,DFNB-EN,10,0,0,0,ff,0,,0,0,0,0,0,0,,0,0,0,0,0,0,,0,0,0,0,0,0,,0,0,0,0,0,0,,0,0,0,0,0,0,,0,0,0,0,0,0,,0,0,0,0,0
0,1,0,0,,MF006_ ST1 STOPPER-5 Motion Fault,16,ff0000,0,,0,,0,1,56,320.05,0,0,0,H_bit,0,0,0,2,0,0,MS Sans Serif,-11,400,0,0,0,1,1,DFNB-EN,10,0,0,0,ff,0,,0,0,0,0,0,0,,0,0,0,0,0,0,,0,0,0,0,0,0,,0,0,0,0,0,0,,0,0,0,0,0,0,,0,0,0,0,0,0,,0,0,0,0,0
0,1,0,0,,MF007_ Spare,16,ff0000,0,,0,,0,1,56,320.06,0,0,0,H_bit,0,0,0,2,0,0,MS Sans Serif,-11,400,0,0,0,1,1,DFNB-EN,10,0,0,0,ff,0,,0,0,0,0,0,0,,0,0,0,0,0,0,,0,0,0,0,0,0,,0,0,0,0,0,0,,0,0,0,0,0,0,,0,0,0,0,0,0,,0,0,0,0,0
0,1,0,0,,MF008_ Spare,16,ff0000,0,,0,,0,1,56,320.07,0,0,0,H_bit,0,0,0,2,0,0,MS Sans Serif,-11,400,0,0,0,1,1,DFNB-EN,10,0,0,0,ff,0,,0,0,0,0,0,0,,0,0,0,0,0,0,,0,0,0,0,0,0,,0,0,0,0,0,0,,0,0,0,0,0,0,,0,0,0,0,0,0,,0,0,0,0,0
0,1,0,0,,MF009_ Spare,16,ff0000,0,,0,,0,1,56,320.08,0,0,0,H_bit,0,0,0,2,0,0,MS Sans Serif,-11,400,0,0,0,1,1,DFNB-EN,10,0,0,0,ff,0,,0,0,0,0,0,0,,0,0,0,0,0,0,,0,0,0,0,0,0,,0,0,0,0,0,0,,0,0,0,0,0,0,,0,0,0,0,0,0,,0,0,0,0,0
0,1,0,0,,MF010_ Spare,16,ff0000,0,,0,,0,1,56,320.09,0,0,0,H_bit,0,0,0,2,0,0,MS Sans Serif,-11,400,0,0,0,1,1,DFNB-EN,10,0,0,0,ff,0,,0,0,0,0,0,0,,0,0,0,0,0,0,,0,0,0,0,0,0,,0,0,0,0,0,0,,0,0,0,0,0,0,,0,0,0,0,0,0,,0,0,0,0,0
0,1,0,0,,MF011_ Spare,16,ff0000,0,,0,,0,1,56,320.10,0,0,0,H_bit,0,0,0,2,0,0,MS Sans Serif,-11,400,0,0,0,1,1,DFNB-EN,10,0,0,0,ff,0,,0,0,0,0,0,0,,0,0,0,0,0,0,,0,0,0,0,0,0,,0,0,0,0,0,0,,0,0,0,0,0,0,,0,0,0,0,0,0,,0,0,0,0,0
0,1,0,0,,MF012_ Spare,16,ff0000,0,,0,,0,1,56,320.11,0,0,0,H_bit,0,0,0,2,0,0,MS Sans Serif,-11,400,0,0,0,1,1,DFNB-EN,10,0,0,0,ff,0,,0,0,0,0,0,0,,0,0,0,0,0,0,,0,0,0,0,0,0,,0,0,0,0,0,0,,0,0,0,0,0,0,,0,0,0,0,0,0,,0,0,0,0,0
0,1,0,0,,MF013_ Spare,16,ff0000,0,,0,,0,1,56,320.12,0,0,0,H_bit,0,0,0,2,0,0,MS Sans Serif,-11,400,0,0,0,1,1,DFNB-EN,10,0,0,0,ff,0,,0,0,0,0,0,0,,0,0,0,0,0,0,,0,0,0,0,0,0,,0,0,0,0,0,0,,0,0,0,0,0,0,,0,0,0,0,0,0,,0,0,0,0,0
0,1,0,0,,MF014_ Spare,16,ff0000,0,,0,,0,1,56,320.13,0,0,0,H_bit,0,0,0,2,0,0,MS Sans Serif,-11,400,0,0,0,1,1,DFNB-EN,10,0,0,0,ff,0,,0,0,0,0,0,0,,0,0,0,0,0,0,,0,0,0,0,0,0,,0,0,0,0,0,0,,0,0,0,0,0,0,,0,0,0,0,0,0,,0,0,0,0,0
0,1,0,0,,MF015_ Spare,16,ff0000,0,,0,,0,1,56,320.14,0,0,0,H_bit,0,0,0,2,0,0,MS Sans Serif,-11,400,0,0,0,1,1,DFNB-EN,10,0,0,0,ff,0,,0,0,0,0,0,0,,0,0,0,0,0,0,,0,0,0,0,0,0,,0,0,0,0,0,0,,0,0,0,0,0,0,,0,0,0,0,0,0,,0,0,0,0,0
0,1,0,0,,MF016_ Spare,16,ff0000,0,,0,,0,1,56,320.15,0,0,0,H_bit,0,0,0,2,0,0,MS Sans Serif,-11,400,0,0,0,1,1,DFNB-EN,10,0,0,0,ff,0,,0,0,0,0,0,0,,0,0,0,0,0,0,,0,0,0,0,0,0,,0,0,0,0,0,0,,0,0,0,0,0,0,,0,0,0,0,0,0,,0,0,0,0,0
0,1,0,0,,MF017_ Spare,16,ff0000,0,,0,,0,1,56,321.00,0,0,0,H_bit,0,0,0,2,0,0,MS Sans Serif,-11,400,0,0,0,1,1,DFNB-EN,10,0,0,0,ff,0,,0,0,0,0,0,0,,0,0,0,0,0,0,,0,0,0,0,0,0,,0,0,0,0,0,0,,0,0,0,0,0,0,,0,0,0,0,0,0,,0,0,0,0,0
0,1,0,0,,MF018_ Spare,16,ff0000,0,,0,,0,1,56,321.01,0,0,0,H_bit,0,0,0,2,0,0,MS Sans Serif,-11,400,0,0,0,1,1,DFNB-EN,10,0,0,0,ff,0,,0,0,0,0,0,0,,0,0,0,0,0,0,,0,0,0,0,0,0,,0,0,0,0,0,0,,0,0,0,0,0,0,,0,0,0,0,0,0,,0,0,0,0,0
0,1,0,0,,MF019_ Spare,16,ff0000,0,,0,,0,1,56,321.02,0,0,0,H_bit,0,0,0,2,0,0,MS Sans Serif,-11,400,0,0,0,1,1,DFNB-EN,10,0,0,0,ff,0,,0,0,0,0,0,0,,0,0,0,0,0,0,,0,0,0,0,0,0,,0,0,0,0,0,0,,0,0,0,0,0,0,,0,0,0,0,0,0,,0,0,0,0,0
0,1,0,0,,MF020_ Spare,16,ff0000,0,,0,,0,1,56,321.03,0,0,0,H_bit,0,0,0,2,0,0,MS Sans Serif,-11,400,0,0,0,1,1,DFNB-EN,10,0,0,0,ff,0,,0,0,0,0,0,0,,0,0,0,0,0,0,,0,0,0,0,0,0,,0,0,0,0,0,0,,0,0,0,0,0,0,,0,0,0,0,0,0,,0,0,0,0,0
0,1,0,0,,MF021_ Spare,16,ff0000,0,,0,,0,1,56,321.04,0,0,0,H_bit,0,0,0,2,0,0,MS Sans Serif,-11,400,0,0,0,1,1,DFNB-EN,10,0,0,0,ff,0,,0,0,0,0,0,0,,0,0,0,0,0,0,,0,0,0,0,0,0,,0,0,0,0,0,0,,0,0,0,0,0,0,,0,0,0,0,0,0,,0,0,0,0,0
0,1,0,0,,MF022_ Spare,16,ff0000,0,,0,,0,1,56,321.05,0,0,0,H_bit,0,0,0,2,0,0,MS Sans Serif,-11,400,0,0,0,1,1,DFNB-EN,10,0,0,0,ff,0,,0,0,0,0,0,0,,0,0,0,0,0,0,,0,0,0,0,0,0,,0,0,0,0,0,0,,0,0,0,0,0,0,,0,0,0,0,0,0,,0,0,0,0,0
0,1,0,0,,MF023_ Spare,16,ff0000,0,,0,,0,1,56,321.06,0,0,0,H_bit,0,0,0,2,0,0,MS Sans Serif,-11,400,0,0,0,1,1,DFNB-EN,10,0,0,0,ff,0,,0,0,0,0,0,0,,0,0,0,0,0,0,,0,0,0,0,0,0,,0,0,0,0,0,0,,0,0,0,0,0,0,,0,0,0,0,0,0,,0,0,0,0,0
0,1,0,0,,MF024_ Spare,16,ff0000,0,,0,,0,1,56,321.07,0,0,0,H_bit,0,0,0,2,0,0,MS Sans Serif,-11,400,0,0,0,1,1,DFNB-EN,10,0,0,0,ff,0,,0,0,0,0,0,0,,0,0,0,0,0,0,,0,0,0,0,0,0,,0,0,0,0,0,0,,0,0,0,0,0,0,,0,0,0,0,0,0,,0,0,0,0,0
0,1,0,0,,MF025_ Spare,16,ff0000,0,,0,,0,1,56,321.08,0,0,0,H_bit,0,0,0,2,0,0,MS Sans Serif,-11,400,0,0,0,1,1,DFNB-EN,10,0,0,0,ff,0,,0,0,0,0,0,0,,0,0,0,0,0,0,,0,0,0,0,0,0,,0,0,0,0,0,0,,0,0,0,0,0,0,,0,0,0,0,0,0,,0,0,0,0,0
0,1,0,0,,MF026_ Spare,16,ff0000,0,,0,,0,1,56,321.09,0,0,0,H_bit,0,0,0,2,0,0,MS Sans Serif,-11,400,0,0,0,1,1,DFNB-EN,10,0,0,0,ff,0,,0,0,0,0,0,0,,0,0,0,0,0,0,,0,0,0,0,0,0,,0,0,0,0,0,0,,0,0,0,0,0,0,,0,0,0,0,0,0,,0,0,0,0,0
0,1,0,0,,MF027_ Spare,16,ff0000,0,,0,,0,1,56,321.10,0,0,0,H_bit,0,0,0,2,0,0,MS Sans Serif,-11,400,0,0,0,1,1,DFNB-EN,10,0,0,0,ff,0,,0,0,0,0,0,0,,0,0,0,0,0,0,,0,0,0,0,0,0,,0,0,0,0,0,0,,0,0,0,0,0,0,,0,0,0,0,0,0,,0,0,0,0,0
0,1,0,0,,MF028_ Spare,16,ff0000,0,,0,,0,1,56,321.11,0,0,0,H_bit,0,0,0,2,0,0,MS Sans Serif,-11,400,0,0,0,1,1,DFNB-EN,10,0,0,0,ff,0,,0,0,0,0,0,0,,0,0,0,0,0,0,,0,0,0,0,0,0,,0,0,0,0,0,0,,0,0,0,0,0,0,,0,0,0,0,0,0,,0,0,0,0,0
0,1,0,0,,MF029_ Spare,16,ff0000,0,,0,,0,1,56,321.12,0,0,0,H_bit,0,0,0,2,0,0,MS Sans Serif,-11,400,0,0,0,1,1,DFNB-EN,10,0,0,0,ff,0,,0,0,0,0,0,0,,0,0,0,0,0,0,,0,0,0,0,0,0,,0,0,0,0,0,0,,0,0,0,0,0,0,,0,0,0,0,0,0,,0,0,0,0,0
0,1,0,0,,MF030_ Spare,16,ff0000,0,,0,,0,1,56,321.13,0,0,0,H_bit,0,0,0,2,0,0,MS Sans Serif,-11,400,0,0,0,1,1,DFNB-EN,10,0,0,0,ff,0,,0,0,0,0,0,0,,0,0,0,0,0,0,,0,0,0,0,0,0,,0,0,0,0,0,0,,0,0,0,0,0,0,,0,0,0,0,0,0,,0,0,0,0,0
0,1,0,0,,MF031_ ST2 STOPPER-1 Motion Fault,16,ff0000,0,,0,,0,1,56,321.14,0,0,0,H_bit,0,0,0,2,0,0,MS Sans Serif,-11,400,0,0,0,1,1,DFNB-EN,10,0,0,0,ff,0,,0,0,0,0,0,0,,0,0,0,0,0,0,,0,0,0,0,0,0,,0,0,0,0,0,0,,0,0,0,0,0,0,,0,0,0,0,0,0,,0,0,0,0,0
0,1,0,0,,MF032_ ST2 SPARE 1 MOTION FAULT,16,ff0000,0,,0,,0,1,56,321.15,0,0,0,H_bit,0,0,0,2,0,0,MS Sans Serif,-11,400,0,0,0,1,1,DFNB-EN,10,0,0,0,ff,0,,0,0,0,0,0,0,,0,0,0,0,0,0,,0,0,0,0,0,0,,0,0,0,0,0,0,,0,0,0,0,0,0,,0,0,0,0,0,0,,0,0,0,0,0
0,1,0,0,,MF033_ Spare,16,ff0000,0,,0,,0,1,56,322.00,0,0,0,H_bit,0,0,0,2,0,0,MS Sans Serif,-11,400,0,0,0,1,1,DFNB-EN,10,0,0,0,ff,0,,0,0,0,0,0,0,,0,0,0,0,0,0,,0,0,0,0,0,0,,0,0,0,0,0,0,,0,0,0,0,0,0,,0,0,0,0,0,0,,0,0,0,0,0
0,1,0,0,,MF034_ Spare,16,ff0000,0,,0,,0,1,56,322.01,0,0,0,H_bit,0,0,0,2,0,0,MS Sans Serif,-11,400,0,0,0,1,1,DFNB-EN,10,0,0,0,ff,0,,0,0,0,0,0,0,,0,0,0,0,0,0,,0,0,0,0,0,0,,0,0,0,0,0,0,,0,0,0,0,0,0,,0,0,0,0,0,0,,0,0,0,0,0
0,1,0,0,,MF035_ Spare,16,ff0000,0,,0,,0,1,56,322.02,0,0,0,H_bit,0,0,0,2,0,0,MS Sans Serif,-11,400,0,0,0,1,1,DFNB-EN,10,0,0,0,ff,0,,0,0,0,0,0,0,,0,0,0,0,0,0,,0,0,0,0,0,0,,0,0,0,0,0,0,,0,0,0,0,0,0,,0,0,0,0,0,0,,0,0,0,0,0
0,1,0,0,,MF036_ Spare,16,ff0000,0,,0,,0,1,56,322.03,0,0,0,H_bit,0,0,0,2,0,0,MS Sans Serif,-11,400,0,0,0,1,1,DFNB-EN,10,0,0,0,ff,0,,0,0,0,0,0,0,,0,0,0,0,0,0,,0,0,0,0,0,0,,0,0,0,0,0,0,,0,0,0,0,0,0,,0,0,0,0,0,0,,0,0,0,0,0
0,1,0,0,,MF037_ Spare,16,ff0000,0,,0,,0,1,56,322.04,0,0,0,H_bit,0,0,0,2,0,0,MS Sans Serif,-11,400,0,0,0,1,1,DFNB-EN,10,0,0,0,ff,0,,0,0,0,0,0,0,,0,0,0,0,0,0,,0,0,0,0,0,0,,0,0,0,0,0,0,,0,0,0,0,0,0,,0,0,0,0,0,0,,0,0,0,0,0
0,1,0,0,,MF038_ Spare,16,ff0000,0,,0,,0,1,56,322.05,0,0,0,H_bit,0,0,0,2,0,0,MS Sans Serif,-11,400,0,0,0,1,1,DFNB-EN,10,0,0,0,ff,0,,0,0,0,0,0,0,,0,0,0,0,0,0,,0,0,0,0,0,0,,0,0,0,0,0,0,,0,0,0,0,0,0,,0,0,0,0,0,0,,0,0,0,0,0
0,1,0,0,,MF039_ Spare,16,ff0000,0,,0,,0,1,56,322.06,0,0,0,H_bit,0,0,0,2,0,0,MS Sans Serif,-11,400,0,0,0,1,1,DFNB-EN,10,0,0,0,ff,0,,0,0,0,0,0,0,,0,0,0,0,0,0,,0,0,0,0,0,0,,0,0,0,0,0,0,,0,0,0,0,0,0,,0,0,0,0,0,0,,0,0,0,0,0
0,1,0,0,,MF040_ Spare,16,ff0000,0,,0,,0,1,56,322.07,0,0,0,H_bit,0,0,0,2,0,0,MS Sans Serif,-11,400,0,0,0,1,1,DFNB-EN,10,0,0,0,ff,0,,0,0,0,0,0,0,,0,0,0,0,0,0,,0,0,0,0,0,0,,0,0,0,0,0,0,,0,0,0,0,0,0,,0,0,0,0,0,0,,0,0,0,0,0
0,1,0,0,,MF041_ Spare,16,ff0000,0,,0,,0,1,56,322.08,0,0,0,H_bit,0,0,0,2,0,0,MS Sans Serif,-11,400,0,0,0,1,1,DFNB-EN,10,0,0,0,ff,0,,0,0,0,0,0,0,,0,0,0,0,0,0,,0,0,0,0,0,0,,0,0,0,0,0,0,,0,0,0,0,0,0,,0,0,0,0,0,0,,0,0,0,0,0
0,1,0,0,,MF042_ Spare,16,ff0000,0,,0,,0,1,56,322.09,0,0,0,H_bit,0,0,0,2,0,0,MS Sans Serif,-11,400,0,0,0,1,1,DFNB-EN,10,0,0,0,ff,0,,0,0,0,0,0,0,,0,0,0,0,0,0,,0,0,0,0,0,0,,0,0,0,0,0,0,,0,0,0,0,0,0,,0,0,0,0,0,0,,0,0,0,0,0
0,1,0,0,,MF043_ Spare,16,ff0000,0,,0,,0,1,56,322.10,0,0,0,H_bit,0,0,0,2,0,0,MS Sans Serif,-11,400,0,0,0,1,1,DFNB-EN,10,0,0,0,ff,0,,0,0,0,0,0,0,,0,0,0,0,0,0,,0,0,0,0,0,0,,0,0,0,0,0,0,,0,0,0,0,0,0,,0,0,0,0,0,0,,0,0,0,0,0
0,1,0,0,,MF044_ Spare,16,ff0000,0,,0,,0,1,56,322.11,0,0,0,H_bit,0,0,0,2,0,0,MS Sans Serif,-11,400,0,0,0,1,1,DFNB-EN,10,0,0,0,ff,0,,0,0,0,0,0,0,,0,0,0,0,0,0,,0,0,0,0,0,0,,0,0,0,0,0,0,,0,0,0,0,0,0,,0,0,0,0,0,0,,0,0,0,0,0
0,1,0,0,,MF045_ Spare,16,ff0000,0,,0,,0,1,56,322.12,0,0,0,H_bit,0,0,0,2,0,0,MS Sans Serif,-11,400,0,0,0,1,1,DFNB-EN,10,0,0,0,ff,0,,0,0,0,0,0,0,,0,0,0,0,0,0,,0,0,0,0,0,0,,0,0,0,0,0,0,,0,0,0,0,0,0,,0,0,0,0,0,0,,0,0,0,0,0
0,1,0,0,,MF046_ Spare,16,ff0000,0,,0,,0,1,56,322.13,0,0,0,H_bit,0,0,0,2,0,0,MS Sans Serif,-11,400,0,0,0,1,1,DFNB-EN,10,0,0,0,ff,0,,0,0,0,0,0,0,,0,0,0,0,0,0,,0,0,0,0,0,0,,0,0,0,0,0,0,,0,0,0,0,0,0,,0,0,0,0,0,0,,0,0,0,0,0
0,1,0,0,,MF047_ Spare,16,ff0000,0,,0,,0,1,56,322.14,0,0,0,H_bit,0,0,0,2,0,0,MS Sans Serif,-11,400,0,0,0,1,1,DFNB-EN,10,0,0,0,ff,0,,0,0,0,0,0,0,,0,0,0,0,0,0,,0,0,0,0,0,0,,0,0,0,0,0,0,,0,0,0,0,0,0,,0,0,0,0,0,0,,0,0,0,0,0
0,1,0,0,,MF048_ Spare,16,ff0000,0,,0,,0,1,56,322.15,0,0,0,H_bit,0,0,0,2,0,0,MS Sans Serif,-11,400,0,0,0,1,1,DFNB-EN,10,0,0,0,ff,0,,0,0,0,0,0,0,,0,0,0,0,0,0,,0,0,0,0,0,0,,0,0,0,0,0,0,,0,0,0,0,0,0,,0,0,0,0,0,0,,0,0,0,0,0
0,1,0,0,,MF049_ Spare,16,ff0000,0,,0,,0,1,56,323.00,0,0,0,H_bit,0,0,0,2,0,0,MS Sans Serif,-11,400,0,0,0,1,1,DFNB-EN,10,0,0,0,ff,0,,0,0,0,0,0,0,,0,0,0,0,0,0,,0,0,0,0,0,0,,0,0,0,0,0,0,,0,0,0,0,0,0,,0,0,0,0,0,0,,0,0,0,0,0
0,1,0,0,,MF050_ Spare,16,ff0000,0,,0,,0,1,56,323.01,0,0,0,H_bit,0,0,0,2,0,0,MS Sans Serif,-11,400,0,0,0,1,1,DFNB-EN,10,0,0,0,ff,0,,0,0,0,0,0,0,,0,0,0,0,0,0,,0,0,0,0,0,0,,0,0,0,0,0,0,,0,0,0,0,0,0,,0,0,0,0,0,0,,0,0,0,0,0
0,1,0,0,,MF051_ Spare,16,ff0000,0,,0,,0,1,56,323.02,0,0,0,H_bit,0,0,0,2,0,0,MS Sans Serif,-11,400,0,0,0,1,1,DFNB-EN,10,0,0,0,ff,0,,0,0,0,0,0,0,,0,0,0,0,0,0,,0,0,0,0,0,0,,0,0,0,0,0,0,,0,0,0,0,0,0,,0,0,0,0,0,0,,0,0,0,0,0
0,1,0,0,,MF052_ Spare,16,ff0000,0,,0,,0,1,56,323.03,0,0,0,H_bit,0,0,0,2,0,0,MS Sans Serif,-11,400,0,0,0,1,1,DFNB-EN,10,0,0,0,ff,0,,0,0,0,0,0,0,,0,0,0,0,0,0,,0,0,0,0,0,0,,0,0,0,0,0,0,,0,0,0,0,0,0,,0,0,0,0,0,0,,0,0,0,0,0
0,1,0,0,,MF053_ Spare,16,ff0000,0,,0,,0,1,56,323.04,0,0,0,H_bit,0,0,0,2,0,0,MS Sans Serif,-11,400,0,0,0,1,1,DFNB-EN,10,0,0,0,ff,0,,0,0,0,0,0,0,,0,0,0,0,0,0,,0,0,0,0,0,0,,0,0,0,0,0,0,,0,0,0,0,0,0,,0,0,0,0,0,0,,0,0,0,0,0
0,1,0,0,,MF054_ Spare,16,ff0000,0,,0,,0,1,56,323.05,0,0,0,H_bit,0,0,0,2,0,0,MS Sans Serif,-11,400,0,0,0,1,1,DFNB-EN,10,0,0,0,ff,0,,0,0,0,0,0,0,,0,0,0,0,0,0,,0,0,0,0,0,0,,0,0,0,0,0,0,,0,0,0,0,0,0,,0,0,0,0,0,0,,0,0,0,0,0
0,1,0,0,,MF055_ Spare,16,ff0000,0,,0,,0,1,56,323.06,0,0,0,H_bit,0,0,0,2,0,0,MS Sans Serif,-11,400,0,0,0,1,1,DFNB-EN,10,0,0,0,ff,0,,0,0,0,0,0,0,,0,0,0,0,0,0,,0,0,0,0,0,0,,0,0,0,0,0,0,,0,0,0,0,0,0,,0,0,0,0,0,0,,0,0,0,0,0
0,1,0,0,,MF056_ Spare,16,ff0000,0,,0,,0,1,56,323.07,0,0,0,H_bit,0,0,0,2,0,0,MS Sans Serif,-11,400,0,0,0,1,1,DFNB-EN,10,0,0,0,ff,0,,0,0,0,0,0,0,,0,0,0,0,0,0,,0,0,0,0,0,0,,0,0,0,0,0,0,,0,0,0,0,0,0,,0,0,0,0,0,0,,0,0,0,0,0
0,1,0,0,,MF057_ Spare,16,ff0000,0,,0,,0,1,56,323.08,0,0,0,H_bit,0,0,0,2,0,0,MS Sans Serif,-11,400,0,0,0,1,1,DFNB-EN,10,0,0,0,ff,0,,0,0,0,0,0,0,,0,0,0,0,0,0,,0,0,0,0,0,0,,0,0,0,0,0,0,,0,0,0,0,0,0,,0,0,0,0,0,0,,0,0,0,0,0
0,1,0,0,,MF058_ Spare,16,ff0000,0,,0,,0,1,56,323.09,0,0,0,H_bit,0,0,0,2,0,0,MS Sans Serif,-11,400,0,0,0,1,1,DFNB-EN,10,0,0,0,ff,0,,0,0,0,0,0,0,,0,0,0,0,0,0,,0,0,0,0,0,0,,0,0,0,0,0,0,,0,0,0,0,0,0,,0,0,0,0,0,0,,0,0,0,0,0
0,1,0,0,,MF059_ Spare,16,ff0000,0,,0,,0,1,56,323.10,0,0,0,H_bit,0,0,0,2,0,0,MS Sans Serif,-11,400,0,0,0,1,1,DFNB-EN,10,0,0,0,ff,0,,0,0,0,0,0,0,,0,0,0,0,0,0,,0,0,0,0,0,0,,0,0,0,0,0,0,,0,0,0,0,0,0,,0,0,0,0,0,0,,0,0,0,0,0
0,1,0,0,,MF060_ Spare,16,ff0000,0,,0,,0,1,56,323.11,0,0,0,H_bit,0,0,0,2,0,0,MS Sans Serif,-11,400,0,0,0,1,1,DFNB-EN,10,0,0,0,ff,0,,0,0,0,0,0,0,,0,0,0,0,0,0,,0,0,0,0,0,0,,0,0,0,0,0,0,,0,0,0,0,0,0,,0,0,0,0,0,0,,0,0,0,0,0
0,1,0,0,,MF061_ ST3 EJECTOR Motion Fault,16,ff0000,0,,0,,0,1,56,323.12,0,0,0,H_bit,0,0,0,2,0,0,MS Sans Serif,-11,400,0,0,0,1,1,DFNB-EN,10,0,0,0,ff,0,,0,0,0,0,0,0,,0,0,0,0,0,0,,0,0,0,0,0,0,,0,0,0,0,0,0,,0,0,0,0,0,0,,0,0,0,0,0,0,,0,0,0,0,0
0,1,0,0,,MF062_ ST3 PUSHER Motion Fault,16,ff0000,0,,0,,0,1,56,323.13,0,0,0,H_bit,0,0,0,2,0,0,MS Sans Serif,-11,400,0,0,0,1,1,DFNB-EN,10,0,0,0,ff,0,,0,0,0,0,0,0,,0,0,0,0,0,0,,0,0,0,0,0,0,,0,0,0,0,0,0,,0,0,0,0,0,0,,0,0,0,0,0,0,,0,0,0,0,0
0,1,0,0,,MF063_ ST3 SPARE 1 MOTION FAULT,16,ff0000,0,,0,,0,1,56,323.14,0,0,0,H_bit,0,0,0,2,0,0,MS Sans Serif,-11,400,0,0,0,1,1,DFNB-EN,10,0,0,0,ff,0,,0,0,0,0,0,0,,0,0,0,0,0,0,,0,0,0,0,0,0,,0,0,0,0,0,0,,0,0,0,0,0,0,,0,0,0,0,0,0,,0,0,0,0,0
0,1,0,0,,MF064_ Spare,16,ff0000,0,,0,,0,1,56,323.15,0,0,0,H_bit,0,0,0,2,0,0,MS Sans Serif,-11,400,0,0,0,1,1,DFNB-EN,10,0,0,0,ff,0,,0,0,0,0,0,0,,0,0,0,0,0,0,,0,0,0,0,0,0,,0,0,0,0,0,0,,0,0,0,0,0,0,,0,0,0,0,0,0,,0,0,0,0,0
0,1,0,0,,MF065_ Spare,16,ff0000,0,,0,,0,1,56,324.00,0,0,0,H_bit,0,0,0,2,0,0,MS Sans Serif,-11,400,0,0,0,1,1,DFNB-EN,10,0,0,0,ff,0,,0,0,0,0,0,0,,0,0,0,0,0,0,,0,0,0,0,0,0,,0,0,0,0,0,0,,0,0,0,0,0,0,,0,0,0,0,0,0,,0,0,0,0,0
0,1,0,0,,MF066_ Spare,16,ff0000,0,,0,,0,1,56,324.01,0,0,0,H_bit,0,0,0,2,0,0,MS Sans Serif,-11,400,0,0,0,1,1,DFNB-EN,10,0,0,0,ff,0,,0,0,0,0,0,0,,0,0,0,0,0,0,,0,0,0,0,0,0,,0,0,0,0,0,0,,0,0,0,0,0,0,,0,0,0,0,0,0,,0,0,0,0,0
0,1,0,0,,MF067_ Spare,16,ff0000,0,,0,,0,1,56,324.02,0,0,0,H_bit,0,0,0,2,0,0,MS Sans Serif,-11,400,0,0,0,1,1,DFNB-EN,10,0,0,0,ff,0,,0,0,0,0,0,0,,0,0,0,0,0,0,,0,0,0,0,0,0,,0,0,0,0,0,0,,0,0,0,0,0,0,,0,0,0,0,0,0,,0,0,0,0,0
0,1,0,0,,MF068_ Spare,16,ff0000,0,,0,,0,1,56,324.03,0,0,0,H_bit,0,0,0,2,0,0,MS Sans Serif,-11,400,0,0,0,1,1,DFNB-EN,10,0,0,0,ff,0,,0,0,0,0,0,0,,0,0,0,0,0,0,,0,0,0,0,0,0,,0,0,0,0,0,0,,0,0,0,0,0,0,,0,0,0,0,0,0,,0,0,0,0,0
0,1,0,0,,MF069_ Spare,16,ff0000,0,,0,,0,1,56,324.04,0,0,0,H_bit,0,0,0,2,0,0,MS Sans Serif,-11,400,0,0,0,1,1,DFNB-EN,10,0,0,0,ff,0,,0,0,0,0,0,0,,0,0,0,0,0,0,,0,0,0,0,0,0,,0,0,0,0,0,0,,0,0,0,0,0,0,,0,0,0,0,0,0,,0,0,0,0,0
0,1,0,0,,MF070_ Spare,16,ff0000,0,,0,,0,1,56,324.05,0,0,0,H_bit,0,0,0,2,0,0,MS Sans Serif,-11,400,0,0,0,1,1,DFNB-EN,10,0,0,0,ff,0,,0,0,0,0,0,0,,0,0,0,0,0,0,,0,0,0,0,0,0,,0,0,0,0,0,0,,0,0,0,0,0,0,,0,0,0,0,0,0,,0,0,0,0,0
0,1,0,0,,MF071_ Spare,16,ff0000,0,,0,,0,1,56,324.06,0,0,0,H_bit,0,0,0,2,0,0,MS Sans Serif,-11,400,0,0,0,1,1,DFNB-EN,10,0,0,0,ff,0,,0,0,0,0,0,0,,0,0,0,0,0,0,,0,0,0,0,0,0,,0,0,0,0,0,0,,0,0,0,0,0,0,,0,0,0,0,0,0,,0,0,0,0,0
0,1,0,0,,MF072_ Spare,16,ff0000,0,,0,,0,1,56,324.07,0,0,0,H_bit,0,0,0,2,0,0,MS Sans Serif,-11,400,0,0,0,1,1,DFNB-EN,10,0,0,0,ff,0,,0,0,0,0,0,0,,0,0,0,0,0,0,,0,0,0,0,0,0,,0,0,0,0,0,0,,0,0,0,0,0,0,,0,0,0,0,0,0,,0,0,0,0,0
0,1,0,0,,MF073_ Spare,16,ff0000,0,,0,,0,1,56,324.08,0,0,0,H_bit,0,0,0,2,0,0,MS Sans Serif,-11,400,0,0,0,1,1,DFNB-EN,10,0,0,0,ff,0,,0,0,0,0,0,0,,0,0,0,0,0,0,,0,0,0,0,0,0,,0,0,0,0,0,0,,0,0,0,0,0,0,,0,0,0,0,0,0,,0,0,0,0,0
0,1,0,0,,MF074_ Spare,16,ff0000,0,,0,,0,1,56,324.09,0,0,0,H_bit,0,0,0,2,0,0,MS Sans Serif,-11,400,0,0,0,1,1,DFNB-EN,10,0,0,0,ff,0,,0,0,0,0,0,0,,0,0,0,0,0,0,,0,0,0,0,0,0,,0,0,0,0,0,0,,0,0,0,0,0,0,,0,0,0,0,0,0,,0,0,0,0,0
0,1,0,0,,MF075_ Spare,16,ff0000,0,,0,,0,1,56,324.10,0,0,0,H_bit,0,0,0,2,0,0,MS Sans Serif,-11,400,0,0,0,1,1,DFNB-EN,10,0,0,0,ff,0,,0,0,0,0,0,0,,0,0,0,0,0,0,,0,0,0,0,0,0,,0,0,0,0,0,0,,0,0,0,0,0,0,,0,0,0,0,0,0,,0,0,0,0,0
0,1,0,0,,MF076_ Spare,16,ff0000,0,,0,,0,1,56,324.11,0,0,0,H_bit,0,0,0,2,0,0,MS Sans Serif,-11,400,0,0,0,1,1,DFNB-EN,10,0,0,0,ff,0,,0,0,0,0,0,0,,0,0,0,0,0,0,,0,0,0,0,0,0,,0,0,0,0,0,0,,0,0,0,0,0,0,,0,0,0,0,0,0,,0,0,0,0,0
0,1,0,0,,MF077_ Spare,16,ff0000,0,,0,,0,1,56,324.12,0,0,0,H_bit,0,0,0,2,0,0,MS Sans Serif,-11,400,0,0,0,1,1,DFNB-EN,10,0,0,0,ff,0,,0,0,0,0,0,0,,0,0,0,0,0,0,,0,0,0,0,0,0,,0,0,0,0,0,0,,0,0,0,0,0,0,,0,0,0,0,0,0,,0,0,0,0,0
0,1,0,0,,MF078_ Spare,16,ff0000,0,,0,,0,1,56,324.13,0,0,0,H_bit,0,0,0,2,0,0,MS Sans Serif,-11,400,0,0,0,1,1,DFNB-EN,10,0,0,0,ff,0,,0,0,0,0,0,0,,0,0,0,0,0,0,,0,0,0,0,0,0,,0,0,0,0,0,0,,0,0,0,0,0,0,,0,0,0,0,0,0,,0,0,0,0,0
0,1,0,0,,MF079_ Spare,16,ff0000,0,,0,,0,1,56,324.14,0,0,0,H_bit,0,0,0,2,0,0,MS Sans Serif,-11,400,0,0,0,1,1,DFNB-EN,10,0,0,0,ff,0,,0,0,0,0,0,0,,0,0,0,0,0,0,,0,0,0,0,0,0,,0,0,0,0,0,0,,0,0,0,0,0,0,,0,0,0,0,0,0,,0,0,0,0,0
0,1,0,0,,MF080_ Spare,16,ff0000,0,,0,,0,1,56,324.15,0,0,0,H_bit,0,0,0,2,0,0,MS Sans Serif,-11,400,0,0,0,1,1,DFNB-EN,10,0,0,0,ff,0,,0,0,0,0,0,0,,0,0,0,0,0,0,,0,0,0,0,0,0,,0,0,0,0,0,0,,0,0,0,0,0,0,,0,0,0,0,0,0,,0,0,0,0,0
0,1,0,0,,MF081_ Spare,16,ff0000,0,,0,,0,1,56,325.00,0,0,0,H_bit,0,0,0,2,0,0,MS Sans Serif,-11,400,0,0,0,1,1,DFNB-EN,10,0,0,0,ff,0,,0,0,0,0,0,0,,0,0,0,0,0,0,,0,0,0,0,0,0,,0,0,0,0,0,0,,0,0,0,0,0,0,,0,0,0,0,0,0,,0,0,0,0,0
0,1,0,0,,MF082_ Spare,16,ff0000,0,,0,,0,1,56,325.01,0,0,0,H_bit,0,0,0,2,0,0,MS Sans Serif,-11,400,0,0,0,1,1,DFNB-EN,10,0,0,0,ff,0,,0,0,0,0,0,0,,0,0,0,0,0,0,,0,0,0,0,0,0,,0,0,0,0,0,0,,0,0,0,0,0,0,,0,0,0,0,0,0,,0,0,0,0,0
0,1,0,0,,MF083_ Spare,16,ff0000,0,,0,,0,1,56,325.02,0,0,0,H_bit,0,0,0,2,0,0,MS Sans Serif,-11,400,0,0,0,1,1,DFNB-EN,10,0,0,0,ff,0,,0,0,0,0,0,0,,0,0,0,0,0,0,,0,0,0,0,0,0,,0,0,0,0,0,0,,0,0,0,0,0,0,,0,0,0,0,0,0,,0,0,0,0,0
0,1,0,0,,MF084_ Spare,16,ff0000,0,,0,,0,1,56,325.03,0,0,0,H_bit,0,0,0,2,0,0,MS Sans Serif,-11,400,0,0,0,1,1,DFNB-EN,10,0,0,0,ff,0,,0,0,0,0,0,0,,0,0,0,0,0,0,,0,0,0,0,0,0,,0,0,0,0,0,0,,0,0,0,0,0,0,,0,0,0,0,0,0,,0,0,0,0,0
0,1,0,0,,MF085_ Spare,16,ff0000,0,,0,,0,1,56,325.04,0,0,0,H_bit,0,0,0,2,0,0,MS Sans Serif,-11,400,0,0,0,1,1,DFNB-EN,10,0,0,0,ff,0,,0,0,0,0,0,0,,0,0,0,0,0,0,,0,0,0,0,0,0,,0,0,0,0,0,0,,0,0,0,0,0,0,,0,0,0,0,0,0,,0,0,0,0,0
0,1,0,0,,MF086_ Spare,16,ff0000,0,,0,,0,1,56,325.05,0,0,0,H_bit,0,0,0,2,0,0,MS Sans Serif,-11,400,0,0,0,1,1,DFNB-EN,10,0,0,0,ff,0,,0,0,0,0,0,0,,0,0,0,0,0,0,,0,0,0,0,0,0,,0,0,0,0,0,0,,0,0,0,0,0,0,,0,0,0,0,0,0,,0,0,0,0,0
0,1,0,0,,MF087_ Spare,16,ff0000,0,,0,,0,1,56,325.06,0,0,0,H_bit,0,0,0,2,0,0,MS Sans Serif,-11,400,0,0,0,1,1,DFNB-EN,10,0,0,0,ff,0,,0,0,0,0,0,0,,0,0,0,0,0,0,,0,0,0,0,0,0,,0,0,0,0,0,0,,0,0,0,0,0,0,,0,0,0,0,0,0,,0,0,0,0,0
0,1,0,0,,MF088_ Spare,16,ff0000,0,,0,,0,1,56,325.07,0,0,0,H_bit,0,0,0,2,0,0,MS Sans Serif,-11,400,0,0,0,1,1,DFNB-EN,10,0,0,0,ff,0,,0,0,0,0,0,0,,0,0,0,0,0,0,,0,0,0,0,0,0,,0,0,0,0,0,0,,0,0,0,0,0,0,,0,0,0,0,0,0,,0,0,0,0,0
0,1,0,0,,MF089_ Spare,16,ff0000,0,,0,,0,1,56,325.08,0,0,0,H_bit,0,0,0,2,0,0,MS Sans Serif,-11,400,0,0,0,1,1,DFNB-EN,10,0,0,0,ff,0,,0,0,0,0,0,0,,0,0,0,0,0,0,,0,0,0,0,0,0,,0,0,0,0,0,0,,0,0,0,0,0,0,,0,0,0,0,0,0,,0,0,0,0,0
0,1,0,0,,MF090_ Spare,16,ff0000,0,,0,,0,1,56,325.09,0,0,0,H_bit,0,0,0,2,0,0,MS Sans Serif,-11,400,0,0,0,1,1,DFNB-EN,10,0,0,0,ff,0,,0,0,0,0,0,0,,0,0,0,0,0,0,,0,0,0,0,0,0,,0,0,0,0,0,0,,0,0,0,0,0,0,,0,0,0,0,0,0,,0,0,0,0,0
